{
  "credit": "Made with Blockbench",
  "parent": "steve",
  "texture_size": [
    32,
    32
  ],
  "elements": [
    {
      "from": [
        6,
        7,
        4
      ],
      "to": [
        12,
        8,
        10
      ],
      "faces": {
        "north": {
          "uv": [
            0,
            6,
            3,
            6.5
          ],
          "texture": "#0"
        },
        "east": {
          "uv": [
            6,
            0,
            9,
            0.5
          ],
          "texture": "#0"
        },
        "south": {
          "uv": [
            6,
            0.5,
            9,
            1
          ],
          "texture": "#0"
        },
        "west": {
          "uv": [
            6,
            1,
            9,
            1.5
          ],
          "texture": "#0"
        },
        "up": {
          "uv": [
            3,
            3,
            0,
            0
          ],
          "texture": "#0"
        },
        "down": {
          "uv": [
            3,
            3,
            0,
            6
          ],
          "texture": "#0"
        }
      }
    },
    {
      "from": [
        6,
        13,
        4
      ],
      "to": [
        12,
        14,
        10
      ],
      "faces": {
        "north": {
          "uv": [
            6,
            1.5,
            9,
            2
          ],
          "texture": "#0"
        },
        "east": {
          "uv": [
            6,
            2,
            9,
            2.5
          ],
          "texture": "#0"
        },
        "south": {
          "uv": [
            6,
            2.5,
            9,
            3
          ],
          "texture": "#0"
        },
        "west": {
          "uv": [
            3,
            6,
            6,
            6.5
          ],
          "texture": "#0"
        },
        "up": {
          "uv": [
            6,
            3,
            3,
            0
          ],
          "texture": "#0"
        },
        "down": {
          "uv": [
            6,
            3,
            3,
            6
          ],
          "texture": "#0"
        }
      }
    }
  ],
  "display": {
    "thirdperson_righthand": {
      "rotation": [
        -90.25,
        0,
        0
      ],
      "translation": [
        -1,
        -1,
        5
      ]
    }
  }
}