{
  "credit": "Made with Blockbench",
  "texture_size": [
    32,
    32
  ],
  "elements": [
    {
      "from": [
        6,
        3.5,
        8
      ],
      "to": [
        10,
        13.5,
        12
      ],
      "faces": {
        "north": {
          "uv": [
            0,
            0,
            2,
            5
          ],
          "texture": "#0"
        },
        "east": {
          "uv": [
            2,
            0,
            4,
            5
          ],
          "texture": "#0"
        },
        "south": {
          "uv": [
            4,
            0,
            6,
            5
          ],
          "texture": "#0"
        },
        "west": {
          "uv": [
            0,
            5,
            2,
            10
          ],
          "texture": "#0"
        },
        "up": {
          "uv": [
            8,
            2,
            6,
            0
          ],
          "texture": "#0"
        },
        "down": {
          "uv": [
            8,
            2,
            6,
            4
          ],
          "texture": "#0"
        }
      }
    },
    {
      "from": [
        5,
        13.5,
        7
      ],
      "to": [
        11,
        14.5,
        13
      ],
      "faces": {
        "north": {
          "uv": [
            6,
            4,
            9,
            4.5
          ],
          "texture": "#0"
        },
        "east": {
          "uv": [
            6,
            4.5,
            9,
            5
          ],
          "texture": "#0"
        },
        "south": {
          "uv": [
            8,
            0,
            11,
            0.5
          ],
          "texture": "#0"
        },
        "west": {
          "uv": [
            8,
            0.5,
            11,
            1
          ],
          "texture": "#0"
        },
        "up": {
          "uv": [
            5,
            8,
            2,
            5
          ],
          "texture": "#0"
        },
        "down": {
          "uv": [
            8,
            5,
            5,
            8
          ],
          "texture": "#0"
        }
      }
    },
    {
      "name": "hexadecagon",
      "from": [
        7.00544,
        19.5,
        5
      ],
      "to": [
        8.99456,
        20.5,
        6
      ],
      "rotation": {
        "angle": -45,
        "axis": "y",
        "origin": [
          8,
          20,
          10
        ]
      },
      "faces": {
        "north": {
          "uv": [
            12.5,
            9,
            13.5,
            9.5
          ],
          "texture": "#0"
        },
        "east": {
          "uv": [
            14.5,
            13.5,
            15,
            14
          ],
          "texture": "#0"
        },
        "south": {
          "uv": [
            9.5,
            12.5,
            10.5,
            13
          ],
          "texture": "#0"
        },
        "west": {
          "uv": [
            14,
            14.5,
            14.5,
            15
          ],
          "texture": "#0"
        },
        "up": {
          "uv": [
            13.5,
            10,
            12.5,
            9.5
          ],
          "texture": "#0"
        },
        "down": {
          "uv": [
            11.5,
            12.5,
            10.5,
            13
          ],
          "texture": "#0"
        }
      }
    },
    {
      "name": "hexadecagon",
      "from": [
        7.00544,
        19.5,
        5
      ],
      "to": [
        8.99456,
        20.5,
        6
      ],
      "rotation": {
        "angle": -22.5,
        "axis": "y",
        "origin": [
          8,
          20,
          10
        ]
      },
      "faces": {
        "north": {
          "uv": [
            12.5,
            10.5,
            13.5,
            11
          ],
          "texture": "#0"
        },
        "east": {
          "uv": [
            14.5,
            14,
            15,
            14.5
          ],
          "texture": "#0"
        },
        "south": {
          "uv": [
            12.5,
            11,
            13.5,
            11.5
          ],
          "texture": "#0"
        },
        "west": {
          "uv": [
            14.5,
            14.5,
            15,
            15
          ],
          "texture": "#0"
        },
        "up": {
          "uv": [
            13.5,
            12,
            12.5,
            11.5
          ],
          "texture": "#0"
        },
        "down": {
          "uv": [
            13,
            12.5,
            12,
            13
          ],
          "texture": "#0"
        }
      }
    },
    {
      "name": "hexadecagon",
      "from": [
        7.00544,
        19.5,
        5
      ],
      "to": [
        8.99456,
        20.5,
        6
      ],
      "rotation": {
        "angle": 0,
        "axis": "y",
        "origin": [
          8,
          20,
          10
        ]
      },
      "faces": {
        "north": {
          "uv": [
            12.5,
            12,
            13.5,
            12.5
          ],
          "texture": "#0"
        },
        "east": {
          "uv": [
            0,
            15,
            0.5,
            15.5
          ],
          "texture": "#0"
        },
        "south": {
          "uv": [
            0,
            13,
            1,
            13.5
          ],
          "texture": "#0"
        },
        "west": {
          "uv": [
            15,
            0,
            15.5,
            0.5
          ],
          "texture": "#0"
        },
        "up": {
          "uv": [
            14,
            0.5,
            13,
            0
          ],
          "texture": "#0"
        },
        "down": {
          "uv": [
            14,
            0.5,
            13,
            1
          ],
          "texture": "#0"
        }
      }
    },
    {
      "name": "hexadecagon",
      "from": [
        7.00544,
        19.5,
        5
      ],
      "to": [
        8.99456,
        20.5,
        6
      ],
      "rotation": {
        "angle": 22.5,
        "axis": "y",
        "origin": [
          8,
          20,
          10
        ]
      },
      "faces": {
        "north": {
          "uv": [
            1,
            13,
            2,
            13.5
          ],
          "texture": "#0"
        },
        "east": {
          "uv": [
            0.5,
            15,
            1,
            15.5
          ],
          "texture": "#0"
        },
        "south": {
          "uv": [
            13,
            1,
            14,
            1.5
          ],
          "texture": "#0"
        },
        "west": {
          "uv": [
            15,
            0.5,
            15.5,
            1
          ],
          "texture": "#0"
        },
        "up": {
          "uv": [
            14,
            2,
            13,
            1.5
          ],
          "texture": "#0"
        },
        "down": {
          "uv": [
            14,
            2,
            13,
            2.5
          ],
          "texture": "#0"
        }
      }
    },
    {
      "name": "hexadecagon",
      "from": [
        7.00544,
        19.5,
        5
      ],
      "to": [
        8.99456,
        20.5,
        6
      ],
      "rotation": {
        "angle": 45,
        "axis": "y",
        "origin": [
          8,
          20,
          10
        ]
      },
      "faces": {
        "north": {
          "uv": [
            2.5,
            13,
            3.5,
            13.5
          ],
          "texture": "#0"
        },
        "east": {
          "uv": [
            1,
            15,
            1.5,
            15.5
          ],
          "texture": "#0"
        },
        "south": {
          "uv": [
            13,
            2.5,
            14,
            3
          ],
          "texture": "#0"
        },
        "west": {
          "uv": [
            15,
            1,
            15.5,
            1.5
          ],
          "texture": "#0"
        },
        "up": {
          "uv": [
            14,
            3.5,
            13,
            3
          ],
          "texture": "#0"
        },
        "down": {
          "uv": [
            4.5,
            13,
            3.5,
            13.5
          ],
          "texture": "#0"
        }
      }
    },
    {
      "name": "hexadecagon",
      "from": [
        7.00544,
        19.5,
        14
      ],
      "to": [
        8.99456,
        20.5,
        15
      ],
      "rotation": {
        "angle": -45,
        "axis": "y",
        "origin": [
          8,
          20,
          10
        ]
      },
      "faces": {
        "north": {
          "uv": [
            13,
            3.5,
            14,
            4
          ],
          "texture": "#0"
        },
        "east": {
          "uv": [
            1.5,
            15,
            2,
            15.5
          ],
          "texture": "#0"
        },
        "south": {
          "uv": [
            13,
            4,
            14,
            4.5
          ],
          "texture": "#0"
        },
        "west": {
          "uv": [
            15,
            1.5,
            15.5,
            2
          ],
          "texture": "#0"
        },
        "up": {
          "uv": [
            14,
            5,
            13,
            4.5
          ],
          "texture": "#0"
        },
        "down": {
          "uv": [
            6,
            13,
            5,
            13.5
          ],
          "texture": "#0"
        }
      }
    },
    {
      "name": "hexadecagon",
      "from": [
        7.00544,
        19.5,
        14
      ],
      "to": [
        8.99456,
        20.5,
        15
      ],
      "rotation": {
        "angle": -22.5,
        "axis": "y",
        "origin": [
          8,
          20,
          10
        ]
      },
      "faces": {
        "north": {
          "uv": [
            13,
            6,
            14,
            6.5
          ],
          "texture": "#0"
        },
        "east": {
          "uv": [
            2,
            15,
            2.5,
            15.5
          ],
          "texture": "#0"
        },
        "south": {
          "uv": [
            13,
            7.5,
            14,
            8
          ],
          "texture": "#0"
        },
        "west": {
          "uv": [
            15,
            2,
            15.5,
            2.5
          ],
          "texture": "#0"
        },
        "up": {
          "uv": [
            9,
            13.5,
            8,
            13
          ],
          "texture": "#0"
        },
        "down": {
          "uv": [
            14,
            8,
            13,
            8.5
          ],
          "texture": "#0"
        }
      }
    },
    {
      "name": "hexadecagon",
      "from": [
        7.00544,
        19.5,
        14
      ],
      "to": [
        8.99456,
        20.5,
        15
      ],
      "rotation": {
        "angle": 0,
        "axis": "y",
        "origin": [
          8,
          20,
          10
        ]
      },
      "faces": {
        "north": {
          "uv": [
            13,
            8.5,
            14,
            9
          ],
          "texture": "#0"
        },
        "east": {
          "uv": [
            2.5,
            15,
            3,
            15.5
          ],
          "texture": "#0"
        },
        "south": {
          "uv": [
            9.5,
            13,
            10.5,
            13.5
          ],
          "texture": "#0"
        },
        "west": {
          "uv": [
            15,
            2.5,
            15.5,
            3
          ],
          "texture": "#0"
        },
        "up": {
          "uv": [
            14,
            10.5,
            13,
            10
          ],
          "texture": "#0"
        },
        "down": {
          "uv": [
            11.5,
            13,
            10.5,
            13.5
          ],
          "texture": "#0"
        }
      }
    },
    {
      "name": "hexadecagon",
      "from": [
        7.00544,
        19.5,
        14
      ],
      "to": [
        8.99456,
        20.5,
        15
      ],
      "rotation": {
        "angle": 22.5,
        "axis": "y",
        "origin": [
          8,
          20,
          10
        ]
      },
      "faces": {
        "north": {
          "uv": [
            11.5,
            13,
            12.5,
            13.5
          ],
          "texture": "#0"
        },
        "east": {
          "uv": [
            3,
            15,
            3.5,
            15.5
          ],
          "texture": "#0"
        },
        "south": {
          "uv": [
            12.5,
            13,
            13.5,
            13.5
          ],
          "texture": "#0"
        },
        "west": {
          "uv": [
            15,
            3,
            15.5,
            3.5
          ],
          "texture": "#0"
        },
        "up": {
          "uv": [
            14,
            13,
            13,
            12.5
          ],
          "texture": "#0"
        },
        "down": {
          "uv": [
            1,
            13.5,
            0,
            14
          ],
          "texture": "#0"
        }
      }
    },
    {
      "name": "hexadecagon",
      "from": [
        7.00544,
        19.5,
        14
      ],
      "to": [
        8.99456,
        20.5,
        15
      ],
      "rotation": {
        "angle": 45,
        "axis": "y",
        "origin": [
          8,
          20,
          10
        ]
      },
      "faces": {
        "north": {
          "uv": [
            1,
            13.5,
            2,
            14
          ],
          "texture": "#0"
        },
        "east": {
          "uv": [
            3.5,
            15,
            4,
            15.5
          ],
          "texture": "#0"
        },
        "south": {
          "uv": [
            2,
            13.5,
            3,
            14
          ],
          "texture": "#0"
        },
        "west": {
          "uv": [
            15,
            3.5,
            15.5,
            4
          ],
          "texture": "#0"
        },
        "up": {
          "uv": [
            4,
            14,
            3,
            13.5
          ],
          "texture": "#0"
        },
        "down": {
          "uv": [
            5,
            13.5,
            4,
            14
          ],
          "texture": "#0"
        }
      }
    },
    {
      "name": "hexadecagon",
      "from": [
        3,
        19.5,
        9.00544
      ],
      "to": [
        4,
        20.5,
        10.99456
      ],
      "rotation": {
        "angle": -22.5,
        "axis": "y",
        "origin": [
          8,
          20,
          10
        ]
      },
      "faces": {
        "north": {
          "uv": [
            4,
            15,
            4.5,
            15.5
          ],
          "texture": "#0"
        },
        "east": {
          "uv": [
            5,
            13.5,
            6,
            14
          ],
          "texture": "#0"
        },
        "south": {
          "uv": [
            15,
            4,
            15.5,
            4.5
          ],
          "texture": "#0"
        },
        "west": {
          "uv": [
            13.5,
            5,
            14.5,
            5.5
          ],
          "texture": "#0"
        },
        "up": {
          "uv": [
            6.5,
            14.5,
            6,
            13.5
          ],
          "texture": "#0"
        },
        "down": {
          "uv": [
            7,
            13.5,
            6.5,
            14.5
          ],
          "texture": "#0"
        }
      }
    },
    {
      "name": "hexadecagon",
      "from": [
        3,
        19.5,
        9.00544
      ],
      "to": [
        4,
        20.5,
        10.99456
      ],
      "rotation": {
        "angle": 0,
        "axis": "y",
        "origin": [
          8,
          20,
          10
        ]
      },
      "faces": {
        "north": {
          "uv": [
            4.5,
            15,
            5,
            15.5
          ],
          "texture": "#0"
        },
        "east": {
          "uv": [
            13.5,
            5.5,
            14.5,
            6
          ],
          "texture": "#0"
        },
        "south": {
          "uv": [
            15,
            4.5,
            15.5,
            5
          ],
          "texture": "#0"
        },
        "west": {
          "uv": [
            13.5,
            6.5,
            14.5,
            7
          ],
          "texture": "#0"
        },
        "up": {
          "uv": [
            7.5,
            14.5,
            7,
            13.5
          ],
          "texture": "#0"
        },
        "down": {
          "uv": [
            8,
            13.5,
            7.5,
            14.5
          ],
          "texture": "#0"
        }
      }
    },
    {
      "name": "hexadecagon",
      "from": [
        3,
        19.5,
        9.00544
      ],
      "to": [
        4,
        20.5,
        10.99456
      ],
      "rotation": {
        "angle": 22.5,
        "axis": "y",
        "origin": [
          8,
          20,
          10
        ]
      },
      "faces": {
        "north": {
          "uv": [
            5,
            15,
            5.5,
            15.5
          ],
          "texture": "#0"
        },
        "east": {
          "uv": [
            13.5,
            7,
            14.5,
            7.5
          ],
          "texture": "#0"
        },
        "south": {
          "uv": [
            15,
            5,
            15.5,
            5.5
          ],
          "texture": "#0"
        },
        "west": {
          "uv": [
            8,
            13.5,
            9,
            14
          ],
          "texture": "#0"
        },
        "up": {
          "uv": [
            9.5,
            14.5,
            9,
            13.5
          ],
          "texture": "#0"
        },
        "down": {
          "uv": [
            14,
            9,
            13.5,
            10
          ],
          "texture": "#0"
        }
      }
    },
    {
      "name": "hexadecagon",
      "from": [
        12,
        19.5,
        9.00544
      ],
      "to": [
        13,
        20.5,
        10.99456
      ],
      "rotation": {
        "angle": -22.5,
        "axis": "y",
        "origin": [
          8,
          20,
          10
        ]
      },
      "faces": {
        "north": {
          "uv": [
            5.5,
            15,
            6,
            15.5
          ],
          "texture": "#0"
        },
        "east": {
          "uv": [
            9.5,
            13.5,
            10.5,
            14
          ],
          "texture": "#0"
        },
        "south": {
          "uv": [
            15,
            5.5,
            15.5,
            6
          ],
          "texture": "#0"
        },
        "west": {
          "uv": [
            10.5,
            13.5,
            11.5,
            14
          ],
          "texture": "#0"
        },
        "up": {
          "uv": [
            14,
            11.5,
            13.5,
            10.5
          ],
          "texture": "#0"
        },
        "down": {
          "uv": [
            12,
            13.5,
            11.5,
            14.5
          ],
          "texture": "#0"
        }
      }
    },
    {
      "name": "hexadecagon",
      "from": [
        12,
        19.5,
        9.00544
      ],
      "to": [
        13,
        20.5,
        10.99456
      ],
      "rotation": {
        "angle": 0,
        "axis": "y",
        "origin": [
          8,
          20,
          10
        ]
      },
      "faces": {
        "north": {
          "uv": [
            6,
            15,
            6.5,
            15.5
          ],
          "texture": "#0"
        },
        "east": {
          "uv": [
            13.5,
            11.5,
            14.5,
            12
          ],
          "texture": "#0"
        },
        "south": {
          "uv": [
            15,
            6,
            15.5,
            6.5
          ],
          "texture": "#0"
        },
        "west": {
          "uv": [
            12,
            13.5,
            13,
            14
          ],
          "texture": "#0"
        },
        "up": {
          "uv": [
            13.5,
            14.5,
            13,
            13.5
          ],
          "texture": "#0"
        },
        "down": {
          "uv": [
            14,
            13,
            13.5,
            14
          ],
          "texture": "#0"
        }
      }
    },
    {
      "name": "hexadecagon",
      "from": [
        12,
        19.5,
        9.00544
      ],
      "to": [
        13,
        20.5,
        10.99456
      ],
      "rotation": {
        "angle": 22.5,
        "axis": "y",
        "origin": [
          8,
          20,
          10
        ]
      },
      "faces": {
        "north": {
          "uv": [
            6.5,
            15,
            7,
            15.5
          ],
          "texture": "#0"
        },
        "east": {
          "uv": [
            13.5,
            12,
            14.5,
            12.5
          ],
          "texture": "#0"
        },
        "south": {
          "uv": [
            15,
            6.5,
            15.5,
            7
          ],
          "texture": "#0"
        },
        "west": {
          "uv": [
            0,
            14,
            1,
            14.5
          ],
          "texture": "#0"
        },
        "up": {
          "uv": [
            14.5,
            1,
            14,
            0
          ],
          "texture": "#0"
        },
        "down": {
          "uv": [
            1.5,
            14,
            1,
            15
          ],
          "texture": "#0"
        }
      }
    },
    {
      "name": "hexadecagon",
      "from": [
        7.00544,
        16.5,
        5
      ],
      "to": [
        8.99456,
        17.5,
        6
      ],
      "rotation": {
        "angle": -45,
        "axis": "y",
        "origin": [
          8,
          17,
          10
        ]
      },
      "faces": {
        "north": {
          "uv": [
            0.5,
            11.5,
            1.5,
            12
          ],
          "texture": "#0"
        },
        "east": {
          "uv": [
            14.5,
            5.5,
            15,
            6
          ],
          "texture": "#0"
        },
        "south": {
          "uv": [
            1.5,
            11.5,
            2.5,
            12
          ],
          "texture": "#0"
        },
        "west": {
          "uv": [
            6,
            14.5,
            6.5,
            15
          ],
          "texture": "#0"
        },
        "up": {
          "uv": [
            12.5,
            2.5,
            11.5,
            2
          ],
          "texture": "#0"
        },
        "down": {
          "uv": [
            12.5,
            2.5,
            11.5,
            3
          ],
          "texture": "#0"
        }
      }
    },
    {
      "name": "hexadecagon",
      "from": [
        7.00544,
        16.5,
        5
      ],
      "to": [
        8.99456,
        17.5,
        6
      ],
      "rotation": {
        "angle": -22.5,
        "axis": "y",
        "origin": [
          8,
          17,
          10
        ]
      },
      "faces": {
        "north": {
          "uv": [
            3.5,
            11.5,
            4.5,
            12
          ],
          "texture": "#0"
        },
        "east": {
          "uv": [
            14.5,
            6,
            15,
            6.5
          ],
          "texture": "#0"
        },
        "south": {
          "uv": [
            11.5,
            3.5,
            12.5,
            4
          ],
          "texture": "#0"
        },
        "west": {
          "uv": [
            6.5,
            14.5,
            7,
            15
          ],
          "texture": "#0"
        },
        "up": {
          "uv": [
            12.5,
            4.5,
            11.5,
            4
          ],
          "texture": "#0"
        },
        "down": {
          "uv": [
            6,
            11.5,
            5,
            12
          ],
          "texture": "#0"
        }
      }
    },
    {
      "name": "hexadecagon",
      "from": [
        7.00544,
        16.5,
        5
      ],
      "to": [
        8.99456,
        17.5,
        6
      ],
      "rotation": {
        "angle": 0,
        "axis": "y",
        "origin": [
          8,
          17,
          10
        ]
      },
      "faces": {
        "north": {
          "uv": [
            11.5,
            5,
            12.5,
            5.5
          ],
          "texture": "#0"
        },
        "east": {
          "uv": [
            14.5,
            6.5,
            15,
            7
          ],
          "texture": "#0"
        },
        "south": {
          "uv": [
            11.5,
            5.5,
            12.5,
            6
          ],
          "texture": "#0"
        },
        "west": {
          "uv": [
            7,
            14.5,
            7.5,
            15
          ],
          "texture": "#0"
        },
        "up": {
          "uv": [
            7.5,
            12,
            6.5,
            11.5
          ],
          "texture": "#0"
        },
        "down": {
          "uv": [
            12.5,
            6.5,
            11.5,
            7
          ],
          "texture": "#0"
        }
      }
    },
    {
      "name": "hexadecagon",
      "from": [
        7.00544,
        16.5,
        5
      ],
      "to": [
        8.99456,
        17.5,
        6
      ],
      "rotation": {
        "angle": 22.5,
        "axis": "y",
        "origin": [
          8,
          17,
          10
        ]
      },
      "faces": {
        "north": {
          "uv": [
            11.5,
            7,
            12.5,
            7.5
          ],
          "texture": "#0"
        },
        "east": {
          "uv": [
            14.5,
            7,
            15,
            7.5
          ],
          "texture": "#0"
        },
        "south": {
          "uv": [
            11.5,
            8,
            12.5,
            8.5
          ],
          "texture": "#0"
        },
        "west": {
          "uv": [
            7.5,
            14.5,
            8,
            15
          ],
          "texture": "#0"
        },
        "up": {
          "uv": [
            9.5,
            12,
            8.5,
            11.5
          ],
          "texture": "#0"
        },
        "down": {
          "uv": [
            12.5,
            8.5,
            11.5,
            9
          ],
          "texture": "#0"
        }
      }
    },
    {
      "name": "hexadecagon",
      "from": [
        7.00544,
        16.5,
        5
      ],
      "to": [
        8.99456,
        17.5,
        6
      ],
      "rotation": {
        "angle": 45,
        "axis": "y",
        "origin": [
          8,
          17,
          10
        ]
      },
      "faces": {
        "north": {
          "uv": [
            11.5,
            9,
            12.5,
            9.5
          ],
          "texture": "#0"
        },
        "east": {
          "uv": [
            14.5,
            7.5,
            15,
            8
          ],
          "texture": "#0"
        },
        "south": {
          "uv": [
            11.5,
            9.5,
            12.5,
            10
          ],
          "texture": "#0"
        },
        "west": {
          "uv": [
            8,
            14.5,
            8.5,
            15
          ],
          "texture": "#0"
        },
        "up": {
          "uv": [
            11,
            12,
            10,
            11.5
          ],
          "texture": "#0"
        },
        "down": {
          "uv": [
            12.5,
            10.5,
            11.5,
            11
          ],
          "texture": "#0"
        }
      }
    },
    {
      "name": "hexadecagon",
      "from": [
        7.00544,
        16.5,
        14
      ],
      "to": [
        8.99456,
        17.5,
        15
      ],
      "rotation": {
        "angle": -45,
        "axis": "y",
        "origin": [
          8,
          17,
          10
        ]
      },
      "faces": {
        "north": {
          "uv": [
            11,
            11.5,
            12,
            12
          ],
          "texture": "#0"
        },
        "east": {
          "uv": [
            14.5,
            8,
            15,
            8.5
          ],
          "texture": "#0"
        },
        "south": {
          "uv": [
            11.5,
            11,
            12.5,
            11.5
          ],
          "texture": "#0"
        },
        "west": {
          "uv": [
            8.5,
            14.5,
            9,
            15
          ],
          "texture": "#0"
        },
        "up": {
          "uv": [
            13,
            0.5,
            12,
            0
          ],
          "texture": "#0"
        },
        "down": {
          "uv": [
            1.5,
            12,
            0.5,
            12.5
          ],
          "texture": "#0"
        }
      }
    },
    {
      "name": "hexadecagon",
      "from": [
        7.00544,
        16.5,
        14
      ],
      "to": [
        8.99456,
        17.5,
        15
      ],
      "rotation": {
        "angle": -22.5,
        "axis": "y",
        "origin": [
          8,
          17,
          10
        ]
      },
      "faces": {
        "north": {
          "uv": [
            12,
            0.5,
            13,
            1
          ],
          "texture": "#0"
        },
        "east": {
          "uv": [
            14.5,
            8.5,
            15,
            9
          ],
          "texture": "#0"
        },
        "south": {
          "uv": [
            12,
            1,
            13,
            1.5
          ],
          "texture": "#0"
        },
        "west": {
          "uv": [
            9,
            14.5,
            9.5,
            15
          ],
          "texture": "#0"
        },
        "up": {
          "uv": [
            2.5,
            12.5,
            1.5,
            12
          ],
          "texture": "#0"
        },
        "down": {
          "uv": [
            13,
            1.5,
            12,
            2
          ],
          "texture": "#0"
        }
      }
    },
    {
      "name": "hexadecagon",
      "from": [
        7.00544,
        16.5,
        14
      ],
      "to": [
        8.99456,
        17.5,
        15
      ],
      "rotation": {
        "angle": 0,
        "axis": "y",
        "origin": [
          8,
          17,
          10
        ]
      },
      "faces": {
        "north": {
          "uv": [
            2.5,
            12,
            3.5,
            12.5
          ],
          "texture": "#0"
        },
        "east": {
          "uv": [
            14.5,
            9,
            15,
            9.5
          ],
          "texture": "#0"
        },
        "south": {
          "uv": [
            12,
            3,
            13,
            3.5
          ],
          "texture": "#0"
        },
        "west": {
          "uv": [
            9.5,
            14.5,
            10,
            15
          ],
          "texture": "#0"
        },
        "up": {
          "uv": [
            4.5,
            12.5,
            3.5,
            12
          ],
          "texture": "#0"
        },
        "down": {
          "uv": [
            5.5,
            12,
            4.5,
            12.5
          ],
          "texture": "#0"
        }
      }
    },
    {
      "name": "hexadecagon",
      "from": [
        7.00544,
        16.5,
        14
      ],
      "to": [
        8.99456,
        17.5,
        15
      ],
      "rotation": {
        "angle": 22.5,
        "axis": "y",
        "origin": [
          8,
          17,
          10
        ]
      },
      "faces": {
        "north": {
          "uv": [
            12,
            4.5,
            13,
            5
          ],
          "texture": "#0"
        },
        "east": {
          "uv": [
            14.5,
            9.5,
            15,
            10
          ],
          "texture": "#0"
        },
        "south": {
          "uv": [
            5.5,
            12,
            6.5,
            12.5
          ],
          "texture": "#0"
        },
        "west": {
          "uv": [
            10,
            14.5,
            10.5,
            15
          ],
          "texture": "#0"
        },
        "up": {
          "uv": [
            13,
            6.5,
            12,
            6
          ],
          "texture": "#0"
        },
        "down": {
          "uv": [
            7.5,
            12,
            6.5,
            12.5
          ],
          "texture": "#0"
        }
      }
    },
    {
      "name": "hexadecagon",
      "from": [
        7.00544,
        16.5,
        14
      ],
      "to": [
        8.99456,
        17.5,
        15
      ],
      "rotation": {
        "angle": 45,
        "axis": "y",
        "origin": [
          8,
          17,
          10
        ]
      },
      "faces": {
        "north": {
          "uv": [
            7.5,
            12,
            8.5,
            12.5
          ],
          "texture": "#0"
        },
        "east": {
          "uv": [
            14.5,
            10,
            15,
            10.5
          ],
          "texture": "#0"
        },
        "south": {
          "uv": [
            12,
            7.5,
            13,
            8
          ],
          "texture": "#0"
        },
        "west": {
          "uv": [
            10.5,
            14.5,
            11,
            15
          ],
          "texture": "#0"
        },
        "up": {
          "uv": [
            9.5,
            12.5,
            8.5,
            12
          ],
          "texture": "#0"
        },
        "down": {
          "uv": [
            10.5,
            12,
            9.5,
            12.5
          ],
          "texture": "#0"
        }
      }
    },
    {
      "name": "hexadecagon",
      "from": [
        3,
        16.5,
        9.00544
      ],
      "to": [
        4,
        17.5,
        10.99456
      ],
      "rotation": {
        "angle": -22.5,
        "axis": "y",
        "origin": [
          8,
          17,
          10
        ]
      },
      "faces": {
        "north": {
          "uv": [
            14.5,
            10.5,
            15,
            11
          ],
          "texture": "#0"
        },
        "east": {
          "uv": [
            12,
            10,
            13,
            10.5
          ],
          "texture": "#0"
        },
        "south": {
          "uv": [
            11,
            14.5,
            11.5,
            15
          ],
          "texture": "#0"
        },
        "west": {
          "uv": [
            10.5,
            12,
            11.5,
            12.5
          ],
          "texture": "#0"
        },
        "up": {
          "uv": [
            12,
            13,
            11.5,
            12
          ],
          "texture": "#0"
        },
        "down": {
          "uv": [
            12.5,
            11.5,
            12,
            12.5
          ],
          "texture": "#0"
        }
      }
    },
    {
      "name": "hexadecagon",
      "from": [
        3,
        16.5,
        9.00544
      ],
      "to": [
        4,
        17.5,
        10.99456
      ],
      "rotation": {
        "angle": 0,
        "axis": "y",
        "origin": [
          8,
          17,
          10
        ]
      },
      "faces": {
        "north": {
          "uv": [
            14.5,
            11,
            15,
            11.5
          ],
          "texture": "#0"
        },
        "east": {
          "uv": [
            0,
            12.5,
            1,
            13
          ],
          "texture": "#0"
        },
        "south": {
          "uv": [
            11.5,
            14.5,
            12,
            15
          ],
          "texture": "#0"
        },
        "west": {
          "uv": [
            1,
            12.5,
            2,
            13
          ],
          "texture": "#0"
        },
        "up": {
          "uv": [
            2.5,
            13.5,
            2,
            12.5
          ],
          "texture": "#0"
        },
        "down": {
          "uv": [
            13,
            2,
            12.5,
            3
          ],
          "texture": "#0"
        }
      }
    },
    {
      "name": "hexadecagon",
      "from": [
        3,
        16.5,
        9.00544
      ],
      "to": [
        4,
        17.5,
        10.99456
      ],
      "rotation": {
        "angle": 22.5,
        "axis": "y",
        "origin": [
          8,
          17,
          10
        ]
      },
      "faces": {
        "north": {
          "uv": [
            14.5,
            11.5,
            15,
            12
          ],
          "texture": "#0"
        },
        "east": {
          "uv": [
            2.5,
            12.5,
            3.5,
            13
          ],
          "texture": "#0"
        },
        "south": {
          "uv": [
            12,
            14.5,
            12.5,
            15
          ],
          "texture": "#0"
        },
        "west": {
          "uv": [
            3.5,
            12.5,
            4.5,
            13
          ],
          "texture": "#0"
        },
        "up": {
          "uv": [
            13,
            4.5,
            12.5,
            3.5
          ],
          "texture": "#0"
        },
        "down": {
          "uv": [
            5,
            12.5,
            4.5,
            13.5
          ],
          "texture": "#0"
        }
      }
    },
    {
      "name": "hexadecagon",
      "from": [
        12,
        16.5,
        9.00544
      ],
      "to": [
        13,
        17.5,
        10.99456
      ],
      "rotation": {
        "angle": -22.5,
        "axis": "y",
        "origin": [
          8,
          17,
          10
        ]
      },
      "faces": {
        "north": {
          "uv": [
            14.5,
            12,
            15,
            12.5
          ],
          "texture": "#0"
        },
        "east": {
          "uv": [
            5,
            12.5,
            6,
            13
          ],
          "texture": "#0"
        },
        "south": {
          "uv": [
            12.5,
            14.5,
            13,
            15
          ],
          "texture": "#0"
        },
        "west": {
          "uv": [
            12.5,
            5,
            13.5,
            5.5
          ],
          "texture": "#0"
        },
        "up": {
          "uv": [
            6.5,
            13.5,
            6,
            12.5
          ],
          "texture": "#0"
        },
        "down": {
          "uv": [
            7,
            12.5,
            6.5,
            13.5
          ],
          "texture": "#0"
        }
      }
    },
    {
      "name": "hexadecagon",
      "from": [
        12,
        16.5,
        9.00544
      ],
      "to": [
        13,
        17.5,
        10.99456
      ],
      "rotation": {
        "angle": 0,
        "axis": "y",
        "origin": [
          8,
          17,
          10
        ]
      },
      "faces": {
        "north": {
          "uv": [
            14.5,
            12.5,
            15,
            13
          ],
          "texture": "#0"
        },
        "east": {
          "uv": [
            12.5,
            5.5,
            13.5,
            6
          ],
          "texture": "#0"
        },
        "south": {
          "uv": [
            13,
            14.5,
            13.5,
            15
          ],
          "texture": "#0"
        },
        "west": {
          "uv": [
            12.5,
            6.5,
            13.5,
            7
          ],
          "texture": "#0"
        },
        "up": {
          "uv": [
            7.5,
            13.5,
            7,
            12.5
          ],
          "texture": "#0"
        },
        "down": {
          "uv": [
            8,
            12.5,
            7.5,
            13.5
          ],
          "texture": "#0"
        }
      }
    },
    {
      "name": "hexadecagon",
      "from": [
        12,
        16.5,
        9.00544
      ],
      "to": [
        13,
        17.5,
        10.99456
      ],
      "rotation": {
        "angle": 22.5,
        "axis": "y",
        "origin": [
          8,
          17,
          10
        ]
      },
      "faces": {
        "north": {
          "uv": [
            14.5,
            13,
            15,
            13.5
          ],
          "texture": "#0"
        },
        "east": {
          "uv": [
            12.5,
            7,
            13.5,
            7.5
          ],
          "texture": "#0"
        },
        "south": {
          "uv": [
            13.5,
            14.5,
            14,
            15
          ],
          "texture": "#0"
        },
        "west": {
          "uv": [
            8,
            12.5,
            9,
            13
          ],
          "texture": "#0"
        },
        "up": {
          "uv": [
            13,
            9,
            12.5,
            8
          ],
          "texture": "#0"
        },
        "down": {
          "uv": [
            9.5,
            12.5,
            9,
            13.5
          ],
          "texture": "#0"
        }
      }
    },
    {
      "name": "hexadecagon",
      "from": [
        7.20435,
        13.5,
        6
      ],
      "to": [
        8.79565,
        14.5,
        7
      ],
      "rotation": {
        "angle": -45,
        "axis": "y",
        "origin": [
          8,
          14,
          10
        ]
      },
      "faces": {
        "north": {
          "uv": [
            0,
            10,
            1,
            10.5
          ],
          "texture": "#0"
        },
        "east": {
          "uv": [
            14,
            10.5,
            14.5,
            11
          ],
          "texture": "#0"
        },
        "south": {
          "uv": [
            1,
            10,
            2,
            10.5
          ],
          "texture": "#0"
        },
        "west": {
          "uv": [
            11,
            14,
            11.5,
            14.5
          ],
          "texture": "#0"
        },
        "up": {
          "uv": [
            11,
            1.5,
            10,
            1
          ],
          "texture": "#0"
        },
        "down": {
          "uv": [
            11,
            1.5,
            10,
            2
          ],
          "texture": "#0"
        }
      }
    },
    {
      "name": "hexadecagon",
      "from": [
        7.20435,
        13.5,
        6
      ],
      "to": [
        8.79565,
        14.5,
        7
      ],
      "rotation": {
        "angle": -22.5,
        "axis": "y",
        "origin": [
          8,
          14,
          10
        ]
      },
      "faces": {
        "north": {
          "uv": [
            2,
            10,
            3,
            10.5
          ],
          "texture": "#0"
        },
        "east": {
          "uv": [
            14,
            11,
            14.5,
            11.5
          ],
          "texture": "#0"
        },
        "south": {
          "uv": [
            10,
            2,
            11,
            2.5
          ],
          "texture": "#0"
        },
        "west": {
          "uv": [
            12,
            14,
            12.5,
            14.5
          ],
          "texture": "#0"
        },
        "up": {
          "uv": [
            11,
            3,
            10,
            2.5
          ],
          "texture": "#0"
        },
        "down": {
          "uv": [
            11,
            3,
            10,
            3.5
          ],
          "texture": "#0"
        }
      }
    },
    {
      "name": "hexadecagon",
      "from": [
        7.20435,
        13.5,
        6
      ],
      "to": [
        8.79565,
        14.5,
        7
      ],
      "rotation": {
        "angle": 0,
        "axis": "y",
        "origin": [
          8,
          14,
          10
        ]
      },
      "faces": {
        "north": {
          "uv": [
            10,
            3.5,
            11,
            4
          ],
          "texture": "#0"
        },
        "east": {
          "uv": [
            12.5,
            14,
            13,
            14.5
          ],
          "texture": "#0"
        },
        "south": {
          "uv": [
            4,
            10,
            5,
            10.5
          ],
          "texture": "#0"
        },
        "west": {
          "uv": [
            14,
            12.5,
            14.5,
            13
          ],
          "texture": "#0"
        },
        "up": {
          "uv": [
            11,
            4.5,
            10,
            4
          ],
          "texture": "#0"
        },
        "down": {
          "uv": [
            11,
            4.5,
            10,
            5
          ],
          "texture": "#0"
        }
      }
    },
    {
      "name": "hexadecagon",
      "from": [
        7.20435,
        13.5,
        6
      ],
      "to": [
        8.79565,
        14.5,
        7
      ],
      "rotation": {
        "angle": 22.5,
        "axis": "y",
        "origin": [
          8,
          14,
          10
        ]
      },
      "faces": {
        "north": {
          "uv": [
            5,
            10,
            6,
            10.5
          ],
          "texture": "#0"
        },
        "east": {
          "uv": [
            14,
            13,
            14.5,
            13.5
          ],
          "texture": "#0"
        },
        "south": {
          "uv": [
            10,
            5,
            11,
            5.5
          ],
          "texture": "#0"
        },
        "west": {
          "uv": [
            13.5,
            14,
            14,
            14.5
          ],
          "texture": "#0"
        },
        "up": {
          "uv": [
            11,
            6,
            10,
            5.5
          ],
          "texture": "#0"
        },
        "down": {
          "uv": [
            11,
            6,
            10,
            6.5
          ],
          "texture": "#0"
        }
      }
    },
    {
      "name": "hexadecagon",
      "from": [
        7.20435,
        13.5,
        6
      ],
      "to": [
        8.79565,
        14.5,
        7
      ],
      "rotation": {
        "angle": 45,
        "axis": "y",
        "origin": [
          8,
          14,
          10
        ]
      },
      "faces": {
        "north": {
          "uv": [
            10,
            7.5,
            11,
            8
          ],
          "texture": "#0"
        },
        "east": {
          "uv": [
            14,
            13.5,
            14.5,
            14
          ],
          "texture": "#0"
        },
        "south": {
          "uv": [
            10,
            9,
            11,
            9.5
          ],
          "texture": "#0"
        },
        "west": {
          "uv": [
            14,
            14,
            14.5,
            14.5
          ],
          "texture": "#0"
        },
        "up": {
          "uv": [
            11,
            10,
            10,
            9.5
          ],
          "texture": "#0"
        },
        "down": {
          "uv": [
            11,
            10,
            10,
            10.5
          ],
          "texture": "#0"
        }
      }
    },
    {
      "name": "hexadecagon",
      "from": [
        7.20435,
        13.5,
        13
      ],
      "to": [
        8.79565,
        14.5,
        14
      ],
      "rotation": {
        "angle": -45,
        "axis": "y",
        "origin": [
          8,
          14,
          10
        ]
      },
      "faces": {
        "north": {
          "uv": [
            0,
            10.5,
            1,
            11
          ],
          "texture": "#0"
        },
        "east": {
          "uv": [
            0,
            14.5,
            0.5,
            15
          ],
          "texture": "#0"
        },
        "south": {
          "uv": [
            1,
            10.5,
            2,
            11
          ],
          "texture": "#0"
        },
        "west": {
          "uv": [
            14.5,
            0,
            15,
            0.5
          ],
          "texture": "#0"
        },
        "up": {
          "uv": [
            3,
            11,
            2,
            10.5
          ],
          "texture": "#0"
        },
        "down": {
          "uv": [
            4,
            10.5,
            3,
            11
          ],
          "texture": "#0"
        }
      }
    },
    {
      "name": "hexadecagon",
      "from": [
        7.20435,
        13.5,
        13
      ],
      "to": [
        8.79565,
        14.5,
        14
      ],
      "rotation": {
        "angle": -22.5,
        "axis": "y",
        "origin": [
          8,
          14,
          10
        ]
      },
      "faces": {
        "north": {
          "uv": [
            4,
            10.5,
            5,
            11
          ],
          "texture": "#0"
        },
        "east": {
          "uv": [
            0.5,
            14.5,
            1,
            15
          ],
          "texture": "#0"
        },
        "south": {
          "uv": [
            5,
            10.5,
            6,
            11
          ],
          "texture": "#0"
        },
        "west": {
          "uv": [
            14.5,
            0.5,
            15,
            1
          ],
          "texture": "#0"
        },
        "up": {
          "uv": [
            7,
            11,
            6,
            10.5
          ],
          "texture": "#0"
        },
        "down": {
          "uv": [
            11.5,
            6.5,
            10.5,
            7
          ],
          "texture": "#0"
        }
      }
    },
    {
      "name": "hexadecagon",
      "from": [
        7.20435,
        13.5,
        13
      ],
      "to": [
        8.79565,
        14.5,
        14
      ],
      "rotation": {
        "angle": 0,
        "axis": "y",
        "origin": [
          8,
          14,
          10
        ]
      },
      "faces": {
        "north": {
          "uv": [
            7,
            10.5,
            8,
            11
          ],
          "texture": "#0"
        },
        "east": {
          "uv": [
            14.5,
            1,
            15,
            1.5
          ],
          "texture": "#0"
        },
        "south": {
          "uv": [
            10.5,
            7,
            11.5,
            7.5
          ],
          "texture": "#0"
        },
        "west": {
          "uv": [
            1.5,
            14.5,
            2,
            15
          ],
          "texture": "#0"
        },
        "up": {
          "uv": [
            9,
            11,
            8,
            10.5
          ],
          "texture": "#0"
        },
        "down": {
          "uv": [
            11.5,
            8,
            10.5,
            8.5
          ],
          "texture": "#0"
        }
      }
    },
    {
      "name": "hexadecagon",
      "from": [
        7.20435,
        13.5,
        13
      ],
      "to": [
        8.79565,
        14.5,
        14
      ],
      "rotation": {
        "angle": 22.5,
        "axis": "y",
        "origin": [
          8,
          14,
          10
        ]
      },
      "faces": {
        "north": {
          "uv": [
            10.5,
            8.5,
            11.5,
            9
          ],
          "texture": "#0"
        },
        "east": {
          "uv": [
            14.5,
            1.5,
            15,
            2
          ],
          "texture": "#0"
        },
        "south": {
          "uv": [
            9,
            10.5,
            10,
            11
          ],
          "texture": "#0"
        },
        "west": {
          "uv": [
            2,
            14.5,
            2.5,
            15
          ],
          "texture": "#0"
        },
        "up": {
          "uv": [
            11,
            11,
            10,
            10.5
          ],
          "texture": "#0"
        },
        "down": {
          "uv": [
            1,
            11,
            0,
            11.5
          ],
          "texture": "#0"
        }
      }
    },
    {
      "name": "hexadecagon",
      "from": [
        7.20435,
        13.5,
        13
      ],
      "to": [
        8.79565,
        14.5,
        14
      ],
      "rotation": {
        "angle": 45,
        "axis": "y",
        "origin": [
          8,
          14,
          10
        ]
      },
      "faces": {
        "north": {
          "uv": [
            11,
            0,
            12,
            0.5
          ],
          "texture": "#0"
        },
        "east": {
          "uv": [
            14.5,
            2,
            15,
            2.5
          ],
          "texture": "#0"
        },
        "south": {
          "uv": [
            11,
            0.5,
            12,
            1
          ],
          "texture": "#0"
        },
        "west": {
          "uv": [
            2.5,
            14.5,
            3,
            15
          ],
          "texture": "#0"
        },
        "up": {
          "uv": [
            2,
            11.5,
            1,
            11
          ],
          "texture": "#0"
        },
        "down": {
          "uv": [
            12,
            1,
            11,
            1.5
          ],
          "texture": "#0"
        }
      }
    },
    {
      "name": "hexadecagon",
      "from": [
        4,
        13.5,
        9.20435
      ],
      "to": [
        5,
        14.5,
        10.79565
      ],
      "rotation": {
        "angle": -22.5,
        "axis": "y",
        "origin": [
          8,
          14,
          10
        ]
      },
      "faces": {
        "north": {
          "uv": [
            14.5,
            2.5,
            15,
            3
          ],
          "texture": "#0"
        },
        "east": {
          "uv": [
            11,
            1.5,
            12,
            2
          ],
          "texture": "#0"
        },
        "south": {
          "uv": [
            3,
            14.5,
            3.5,
            15
          ],
          "texture": "#0"
        },
        "west": {
          "uv": [
            2,
            11,
            3,
            11.5
          ],
          "texture": "#0"
        },
        "up": {
          "uv": [
            11.5,
            3,
            11,
            2
          ],
          "texture": "#0"
        },
        "down": {
          "uv": [
            3.5,
            11,
            3,
            12
          ],
          "texture": "#0"
        }
      }
    },
    {
      "name": "hexadecagon",
      "from": [
        4,
        13.5,
        9.20435
      ],
      "to": [
        5,
        14.5,
        10.79565
      ],
      "rotation": {
        "angle": 0,
        "axis": "y",
        "origin": [
          8,
          14,
          10
        ]
      },
      "faces": {
        "north": {
          "uv": [
            14.5,
            3,
            15,
            3.5
          ],
          "texture": "#0"
        },
        "east": {
          "uv": [
            11,
            3,
            12,
            3.5
          ],
          "texture": "#0"
        },
        "south": {
          "uv": [
            3.5,
            14.5,
            4,
            15
          ],
          "texture": "#0"
        },
        "west": {
          "uv": [
            3.5,
            11,
            4.5,
            11.5
          ],
          "texture": "#0"
        },
        "up": {
          "uv": [
            11.5,
            4.5,
            11,
            3.5
          ],
          "texture": "#0"
        },
        "down": {
          "uv": [
            5,
            11,
            4.5,
            12
          ],
          "texture": "#0"
        }
      }
    },
    {
      "name": "hexadecagon",
      "from": [
        4,
        13.5,
        9.20435
      ],
      "to": [
        5,
        14.5,
        10.79565
      ],
      "rotation": {
        "angle": 22.5,
        "axis": "y",
        "origin": [
          8,
          14,
          10
        ]
      },
      "faces": {
        "north": {
          "uv": [
            14.5,
            3.5,
            15,
            4
          ],
          "texture": "#0"
        },
        "east": {
          "uv": [
            11,
            4.5,
            12,
            5
          ],
          "texture": "#0"
        },
        "south": {
          "uv": [
            4,
            14.5,
            4.5,
            15
          ],
          "texture": "#0"
        },
        "west": {
          "uv": [
            5,
            11,
            6,
            11.5
          ],
          "texture": "#0"
        },
        "up": {
          "uv": [
            11.5,
            6,
            11,
            5
          ],
          "texture": "#0"
        },
        "down": {
          "uv": [
            6.5,
            11,
            6,
            12
          ],
          "texture": "#0"
        }
      }
    },
    {
      "name": "hexadecagon",
      "from": [
        11,
        13.5,
        9.20435
      ],
      "to": [
        12,
        14.5,
        10.79565
      ],
      "rotation": {
        "angle": -22.5,
        "axis": "y",
        "origin": [
          8,
          14,
          10
        ]
      },
      "faces": {
        "north": {
          "uv": [
            14.5,
            4,
            15,
            4.5
          ],
          "texture": "#0"
        },
        "east": {
          "uv": [
            11,
            6,
            12,
            6.5
          ],
          "texture": "#0"
        },
        "south": {
          "uv": [
            4.5,
            14.5,
            5,
            15
          ],
          "texture": "#0"
        },
        "west": {
          "uv": [
            6.5,
            11,
            7.5,
            11.5
          ],
          "texture": "#0"
        },
        "up": {
          "uv": [
            8,
            12,
            7.5,
            11
          ],
          "texture": "#0"
        },
        "down": {
          "uv": [
            8.5,
            11,
            8,
            12
          ],
          "texture": "#0"
        }
      }
    },
    {
      "name": "hexadecagon",
      "from": [
        11,
        13.5,
        9.20435
      ],
      "to": [
        12,
        14.5,
        10.79565
      ],
      "rotation": {
        "angle": 0,
        "axis": "y",
        "origin": [
          8,
          14,
          10
        ]
      },
      "faces": {
        "north": {
          "uv": [
            14.5,
            4.5,
            15,
            5
          ],
          "texture": "#0"
        },
        "east": {
          "uv": [
            11,
            7.5,
            12,
            8
          ],
          "texture": "#0"
        },
        "south": {
          "uv": [
            5,
            14.5,
            5.5,
            15
          ],
          "texture": "#0"
        },
        "west": {
          "uv": [
            8.5,
            11,
            9.5,
            11.5
          ],
          "texture": "#0"
        },
        "up": {
          "uv": [
            11.5,
            10,
            11,
            9
          ],
          "texture": "#0"
        },
        "down": {
          "uv": [
            10,
            11,
            9.5,
            12
          ],
          "texture": "#0"
        }
      }
    },
    {
      "name": "hexadecagon",
      "from": [
        11,
        13.5,
        9.20435
      ],
      "to": [
        12,
        14.5,
        10.79565
      ],
      "rotation": {
        "angle": 22.5,
        "axis": "y",
        "origin": [
          8,
          14,
          10
        ]
      },
      "faces": {
        "north": {
          "uv": [
            14.5,
            5,
            15,
            5.5
          ],
          "texture": "#0"
        },
        "east": {
          "uv": [
            10,
            11,
            11,
            11.5
          ],
          "texture": "#0"
        },
        "south": {
          "uv": [
            5.5,
            14.5,
            6,
            15
          ],
          "texture": "#0"
        },
        "west": {
          "uv": [
            11,
            10,
            12,
            10.5
          ],
          "texture": "#0"
        },
        "up": {
          "uv": [
            11.5,
            11.5,
            11,
            10.5
          ],
          "texture": "#0"
        },
        "down": {
          "uv": [
            0.5,
            11.5,
            0,
            12.5
          ],
          "texture": "#0"
        }
      }
    },
    {
      "name": "hexadecagon",
      "from": [
        7.00544,
        13.5,
        5
      ],
      "to": [
        8.99456,
        14.5,
        6
      ],
      "rotation": {
        "angle": -45,
        "axis": "y",
        "origin": [
          8,
          14,
          10
        ]
      },
      "faces": {
        "north": {
          "uv": [
            8,
            1,
            9,
            1.5
          ],
          "texture": "#0"
        },
        "east": {
          "uv": [
            7,
            10,
            7.5,
            10.5
          ],
          "texture": "#0"
        },
        "south": {
          "uv": [
            8,
            1.5,
            9,
            2
          ],
          "texture": "#0"
        },
        "west": {
          "uv": [
            8.5,
            10,
            9,
            10.5
          ],
          "texture": "#0"
        },
        "up": {
          "uv": [
            3,
            8.5,
            2,
            8
          ],
          "texture": "#0"
        },
        "down": {
          "uv": [
            9,
            2,
            8,
            2.5
          ],
          "texture": "#0"
        }
      }
    },
    {
      "name": "hexadecagon",
      "from": [
        7.00544,
        13.5,
        5
      ],
      "to": [
        8.99456,
        14.5,
        6
      ],
      "rotation": {
        "angle": -22.5,
        "axis": "y",
        "origin": [
          8,
          14,
          10
        ]
      },
      "faces": {
        "north": {
          "uv": [
            8,
            2.5,
            9,
            3
          ],
          "texture": "#0"
        },
        "east": {
          "uv": [
            2.5,
            11.5,
            3,
            12
          ],
          "texture": "#0"
        },
        "south": {
          "uv": [
            3,
            8,
            4,
            8.5
          ],
          "texture": "#0"
        },
        "west": {
          "uv": [
            14,
            1,
            14.5,
            1.5
          ],
          "texture": "#0"
        },
        "up": {
          "uv": [
            9,
            3.5,
            8,
            3
          ],
          "texture": "#0"
        },
        "down": {
          "uv": [
            9,
            3.5,
            8,
            4
          ],
          "texture": "#0"
        }
      }
    },
    {
      "name": "hexadecagon",
      "from": [
        7.00544,
        13.5,
        5
      ],
      "to": [
        8.99456,
        14.5,
        6
      ],
      "rotation": {
        "angle": 0,
        "axis": "y",
        "origin": [
          8,
          14,
          10
        ]
      },
      "faces": {
        "north": {
          "uv": [
            4,
            8,
            5,
            8.5
          ],
          "texture": "#0"
        },
        "east": {
          "uv": [
            1.5,
            14,
            2,
            14.5
          ],
          "texture": "#0"
        },
        "south": {
          "uv": [
            5,
            8,
            6,
            8.5
          ],
          "texture": "#0"
        },
        "west": {
          "uv": [
            14,
            1.5,
            14.5,
            2
          ],
          "texture": "#0"
        },
        "up": {
          "uv": [
            9,
            5.5,
            8,
            5
          ],
          "texture": "#0"
        },
        "down": {
          "uv": [
            9,
            5.5,
            8,
            6
          ],
          "texture": "#0"
        }
      }
    },
    {
      "name": "hexadecagon",
      "from": [
        7.00544,
        13.5,
        5
      ],
      "to": [
        8.99456,
        14.5,
        6
      ],
      "rotation": {
        "angle": 22.5,
        "axis": "y",
        "origin": [
          8,
          14,
          10
        ]
      },
      "faces": {
        "north": {
          "uv": [
            6,
            8,
            7,
            8.5
          ],
          "texture": "#0"
        },
        "east": {
          "uv": [
            2,
            14,
            2.5,
            14.5
          ],
          "texture": "#0"
        },
        "south": {
          "uv": [
            8,
            6,
            9,
            6.5
          ],
          "texture": "#0"
        },
        "west": {
          "uv": [
            14,
            2,
            14.5,
            2.5
          ],
          "texture": "#0"
        },
        "up": {
          "uv": [
            9,
            7,
            8,
            6.5
          ],
          "texture": "#0"
        },
        "down": {
          "uv": [
            8,
            8,
            7,
            8.5
          ],
          "texture": "#0"
        }
      }
    },
    {
      "name": "hexadecagon",
      "from": [
        7.00544,
        13.5,
        5
      ],
      "to": [
        8.99456,
        14.5,
        6
      ],
      "rotation": {
        "angle": 45,
        "axis": "y",
        "origin": [
          8,
          14,
          10
        ]
      },
      "faces": {
        "north": {
          "uv": [
            8,
            7,
            9,
            7.5
          ],
          "texture": "#0"
        },
        "east": {
          "uv": [
            2.5,
            14,
            3,
            14.5
          ],
          "texture": "#0"
        },
        "south": {
          "uv": [
            8,
            7.5,
            9,
            8
          ],
          "texture": "#0"
        },
        "west": {
          "uv": [
            14,
            2.5,
            14.5,
            3
          ],
          "texture": "#0"
        },
        "up": {
          "uv": [
            9,
            8.5,
            8,
            8
          ],
          "texture": "#0"
        },
        "down": {
          "uv": [
            3,
            8.5,
            2,
            9
          ],
          "texture": "#0"
        }
      }
    },
    {
      "name": "hexadecagon",
      "from": [
        7.00544,
        13.5,
        14
      ],
      "to": [
        8.99456,
        14.5,
        15
      ],
      "rotation": {
        "angle": -45,
        "axis": "y",
        "origin": [
          8,
          14,
          10
        ]
      },
      "faces": {
        "north": {
          "uv": [
            3,
            8.5,
            4,
            9
          ],
          "texture": "#0"
        },
        "east": {
          "uv": [
            3,
            14,
            3.5,
            14.5
          ],
          "texture": "#0"
        },
        "south": {
          "uv": [
            4,
            8.5,
            5,
            9
          ],
          "texture": "#0"
        },
        "west": {
          "uv": [
            14,
            3,
            14.5,
            3.5
          ],
          "texture": "#0"
        },
        "up": {
          "uv": [
            6,
            9,
            5,
            8.5
          ],
          "texture": "#0"
        },
        "down": {
          "uv": [
            7,
            8.5,
            6,
            9
          ],
          "texture": "#0"
        }
      }
    },
    {
      "name": "hexadecagon",
      "from": [
        7.00544,
        13.5,
        14
      ],
      "to": [
        8.99456,
        14.5,
        15
      ],
      "rotation": {
        "angle": -22.5,
        "axis": "y",
        "origin": [
          8,
          14,
          10
        ]
      },
      "faces": {
        "north": {
          "uv": [
            7,
            8.5,
            8,
            9
          ],
          "texture": "#0"
        },
        "east": {
          "uv": [
            3.5,
            14,
            4,
            14.5
          ],
          "texture": "#0"
        },
        "south": {
          "uv": [
            8,
            8.5,
            9,
            9
          ],
          "texture": "#0"
        },
        "west": {
          "uv": [
            14,
            3.5,
            14.5,
            4
          ],
          "texture": "#0"
        },
        "up": {
          "uv": [
            10,
            1.5,
            9,
            1
          ],
          "texture": "#0"
        },
        "down": {
          "uv": [
            10,
            1.5,
            9,
            2
          ],
          "texture": "#0"
        }
      }
    },
    {
      "name": "hexadecagon",
      "from": [
        7.00544,
        13.5,
        14
      ],
      "to": [
        8.99456,
        14.5,
        15
      ],
      "rotation": {
        "angle": 0,
        "axis": "y",
        "origin": [
          8,
          14,
          10
        ]
      },
      "faces": {
        "north": {
          "uv": [
            2,
            9,
            3,
            9.5
          ],
          "texture": "#0"
        },
        "east": {
          "uv": [
            4,
            14,
            4.5,
            14.5
          ],
          "texture": "#0"
        },
        "south": {
          "uv": [
            9,
            2,
            10,
            2.5
          ],
          "texture": "#0"
        },
        "west": {
          "uv": [
            14,
            4,
            14.5,
            4.5
          ],
          "texture": "#0"
        },
        "up": {
          "uv": [
            10,
            3,
            9,
            2.5
          ],
          "texture": "#0"
        },
        "down": {
          "uv": [
            4,
            9,
            3,
            9.5
          ],
          "texture": "#0"
        }
      }
    },
    {
      "name": "hexadecagon",
      "from": [
        7.00544,
        13.5,
        14
      ],
      "to": [
        8.99456,
        14.5,
        15
      ],
      "rotation": {
        "angle": 22.5,
        "axis": "y",
        "origin": [
          8,
          14,
          10
        ]
      },
      "faces": {
        "north": {
          "uv": [
            9,
            3,
            10,
            3.5
          ],
          "texture": "#0"
        },
        "east": {
          "uv": [
            4.5,
            14,
            5,
            14.5
          ],
          "texture": "#0"
        },
        "south": {
          "uv": [
            9,
            3.5,
            10,
            4
          ],
          "texture": "#0"
        },
        "west": {
          "uv": [
            14,
            4.5,
            14.5,
            5
          ],
          "texture": "#0"
        },
        "up": {
          "uv": [
            5,
            9.5,
            4,
            9
          ],
          "texture": "#0"
        },
        "down": {
          "uv": [
            10,
            4,
            9,
            4.5
          ],
          "texture": "#0"
        }
      }
    },
    {
      "name": "hexadecagon",
      "from": [
        7.00544,
        13.5,
        14
      ],
      "to": [
        8.99456,
        14.5,
        15
      ],
      "rotation": {
        "angle": 45,
        "axis": "y",
        "origin": [
          8,
          14,
          10
        ]
      },
      "faces": {
        "north": {
          "uv": [
            9,
            4.5,
            10,
            5
          ],
          "texture": "#0"
        },
        "east": {
          "uv": [
            5,
            14,
            5.5,
            14.5
          ],
          "texture": "#0"
        },
        "south": {
          "uv": [
            5,
            9,
            6,
            9.5
          ],
          "texture": "#0"
        },
        "west": {
          "uv": [
            5.5,
            14,
            6,
            14.5
          ],
          "texture": "#0"
        },
        "up": {
          "uv": [
            10,
            5.5,
            9,
            5
          ],
          "texture": "#0"
        },
        "down": {
          "uv": [
            10,
            5.5,
            9,
            6
          ],
          "texture": "#0"
        }
      }
    },
    {
      "name": "hexadecagon",
      "from": [
        3,
        13.5,
        9.00544
      ],
      "to": [
        4,
        14.5,
        10.99456
      ],
      "rotation": {
        "angle": -22.5,
        "axis": "y",
        "origin": [
          8,
          14,
          10
        ]
      },
      "faces": {
        "north": {
          "uv": [
            14,
            6,
            14.5,
            6.5
          ],
          "texture": "#0"
        },
        "east": {
          "uv": [
            6,
            9,
            7,
            9.5
          ],
          "texture": "#0"
        },
        "south": {
          "uv": [
            14,
            7.5,
            14.5,
            8
          ],
          "texture": "#0"
        },
        "west": {
          "uv": [
            9,
            6,
            10,
            6.5
          ],
          "texture": "#0"
        },
        "up": {
          "uv": [
            9.5,
            7.5,
            9,
            6.5
          ],
          "texture": "#0"
        },
        "down": {
          "uv": [
            7.5,
            9,
            7,
            10
          ],
          "texture": "#0"
        }
      }
    },
    {
      "name": "hexadecagon",
      "from": [
        3,
        13.5,
        9.00544
      ],
      "to": [
        4,
        14.5,
        10.99456
      ],
      "rotation": {
        "angle": 0,
        "axis": "y",
        "origin": [
          8,
          14,
          10
        ]
      },
      "faces": {
        "north": {
          "uv": [
            8,
            14,
            8.5,
            14.5
          ],
          "texture": "#0"
        },
        "east": {
          "uv": [
            7.5,
            9,
            8.5,
            9.5
          ],
          "texture": "#0"
        },
        "south": {
          "uv": [
            14,
            8,
            14.5,
            8.5
          ],
          "texture": "#0"
        },
        "west": {
          "uv": [
            9,
            7.5,
            10,
            8
          ],
          "texture": "#0"
        },
        "up": {
          "uv": [
            9.5,
            9,
            9,
            8
          ],
          "texture": "#0"
        },
        "down": {
          "uv": [
            9,
            9,
            8.5,
            10
          ],
          "texture": "#0"
        }
      }
    },
    {
      "name": "hexadecagon",
      "from": [
        3,
        13.5,
        9.00544
      ],
      "to": [
        4,
        14.5,
        10.99456
      ],
      "rotation": {
        "angle": 22.5,
        "axis": "y",
        "origin": [
          8,
          14,
          10
        ]
      },
      "faces": {
        "north": {
          "uv": [
            8.5,
            14,
            9,
            14.5
          ],
          "texture": "#0"
        },
        "east": {
          "uv": [
            9,
            9,
            10,
            9.5
          ],
          "texture": "#0"
        },
        "south": {
          "uv": [
            14,
            8.5,
            14.5,
            9
          ],
          "texture": "#0"
        },
        "west": {
          "uv": [
            2,
            9.5,
            3,
            10
          ],
          "texture": "#0"
        },
        "up": {
          "uv": [
            3.5,
            10.5,
            3,
            9.5
          ],
          "texture": "#0"
        },
        "down": {
          "uv": [
            4,
            9.5,
            3.5,
            10.5
          ],
          "texture": "#0"
        }
      }
    },
    {
      "name": "hexadecagon",
      "from": [
        12,
        13.5,
        9.00544
      ],
      "to": [
        13,
        14.5,
        10.99456
      ],
      "rotation": {
        "angle": -22.5,
        "axis": "y",
        "origin": [
          8,
          14,
          10
        ]
      },
      "faces": {
        "north": {
          "uv": [
            14,
            9,
            14.5,
            9.5
          ],
          "texture": "#0"
        },
        "east": {
          "uv": [
            4,
            9.5,
            5,
            10
          ],
          "texture": "#0"
        },
        "south": {
          "uv": [
            9.5,
            14,
            10,
            14.5
          ],
          "texture": "#0"
        },
        "west": {
          "uv": [
            5,
            9.5,
            6,
            10
          ],
          "texture": "#0"
        },
        "up": {
          "uv": [
            6.5,
            10.5,
            6,
            9.5
          ],
          "texture": "#0"
        },
        "down": {
          "uv": [
            7,
            9.5,
            6.5,
            10.5
          ],
          "texture": "#0"
        }
      }
    },
    {
      "name": "hexadecagon",
      "from": [
        12,
        13.5,
        9.00544
      ],
      "to": [
        13,
        14.5,
        10.99456
      ],
      "rotation": {
        "angle": 0,
        "axis": "y",
        "origin": [
          8,
          14,
          10
        ]
      },
      "faces": {
        "north": {
          "uv": [
            14,
            9.5,
            14.5,
            10
          ],
          "texture": "#0"
        },
        "east": {
          "uv": [
            9.5,
            6.5,
            10.5,
            7
          ],
          "texture": "#0"
        },
        "south": {
          "uv": [
            10,
            14,
            10.5,
            14.5
          ],
          "texture": "#0"
        },
        "west": {
          "uv": [
            9.5,
            7,
            10.5,
            7.5
          ],
          "texture": "#0"
        },
        "up": {
          "uv": [
            8,
            10.5,
            7.5,
            9.5
          ],
          "texture": "#0"
        },
        "down": {
          "uv": [
            8.5,
            9.5,
            8,
            10.5
          ],
          "texture": "#0"
        }
      }
    },
    {
      "name": "hexadecagon",
      "from": [
        12,
        13.5,
        9.00544
      ],
      "to": [
        13,
        14.5,
        10.99456
      ],
      "rotation": {
        "angle": 22.5,
        "axis": "y",
        "origin": [
          8,
          14,
          10
        ]
      },
      "faces": {
        "north": {
          "uv": [
            14,
            10,
            14.5,
            10.5
          ],
          "texture": "#0"
        },
        "east": {
          "uv": [
            9.5,
            8,
            10.5,
            8.5
          ],
          "texture": "#0"
        },
        "south": {
          "uv": [
            10.5,
            14,
            11,
            14.5
          ],
          "texture": "#0"
        },
        "west": {
          "uv": [
            9.5,
            8.5,
            10.5,
            9
          ],
          "texture": "#0"
        },
        "up": {
          "uv": [
            9.5,
            10.5,
            9,
            9.5
          ],
          "texture": "#0"
        },
        "down": {
          "uv": [
            10,
            9.5,
            9.5,
            10.5
          ],
          "texture": "#0"
        }
      }
    }
  ],
  "display": {},
  "groups": [
    0,
    1,
    {
      "name": "Circles",
      "origin": [
        8,
        14,
        10
      ],
      "color": 0,
      "nbt": "{}",
      "children": [
        2,
        3,
        4,
        5,
        6,
        7,
        8,
        9,
        10,
        11,
        12,
        13,
        14,
        15,
        16,
        17,
        18,
        19,
        20,
        21,
        22,
        23,
        24,
        25,
        26,
        27,
        28,
        29,
        30,
        31,
        32,
        33,
        34,
        35,
        36,
        37,
        38,
        39,
        40,
        41,
        42,
        43,
        44,
        45,
        46,
        47,
        48,
        49,
        50,
        51,
        52,
        53,
        54,
        55,
        56,
        57,
        58,
        59,
        60,
        61,
        62,
        63,
        64,
        65
      ]
    }
  ]
}