{
	"credit": "Made with Blockbench",
	"parent": "steve",
	"texture_size": [32, 32],
	"textures": {
		"0": "Textures/Weapons/aceb",
		"particle": "Textures/Weapons/aceb"
	},
	"elements": [
		{
			"from": [6, 7, 4],
			"to": [12, 8, 10],
			"faces": {
				"north": {"uv": [0, 10, 3, 10.5], "texture": "#0"},
				"east": {"uv": [10, 0, 13, 0.5], "texture": "#0"},
				"south": {"uv": [10, 0.5, 13, 1], "texture": "#0"},
				"west": {"uv": [10, 1, 13, 1.5], "texture": "#0"},
				"up": {"uv": [3, 3, 0, 0], "texture": "#0"},
				"down": {"uv": [3, 3, 0, 6], "texture": "#0"}
			}
		},
		{
			"from": [6, 13, 4],
			"to": [12, 14, 10],
			"faces": {
				"north": {"uv": [10, 1.5, 13, 2], "texture": "#0"},
				"east": {"uv": [10, 2, 13, 2.5], "texture": "#0"},
				"south": {"uv": [3, 10, 6, 10.5], "texture": "#0"},
				"west": {"uv": [6, 10, 9, 10.5], "texture": "#0"},
				"up": {"uv": [6, 3, 3, 0], "texture": "#0"},
				"down": {"uv": [6, 3, 3, 6], "texture": "#0"}
			}
		},
		{
			"from": [6, 8, 4],
			"to": [7, 13, 5],
			"faces": {
				"north": {"uv": [1.5, 10.5, 2, 13], "texture": "#0"},
				"east": {"uv": [2, 10.5, 2.5, 13], "texture": "#0"},
				"south": {"uv": [2.5, 10.5, 3, 13], "texture": "#0"},
				"west": {"uv": [3, 10.5, 3.5, 13], "texture": "#0"},
				"up": {"uv": [12.5, 9, 12, 8.5], "texture": "#0"},
				"down": {"uv": [13, 8, 12.5, 8.5], "texture": "#0"}
			}
		},
		{
			"from": [6, 8, 9],
			"to": [7, 13, 10],
			"faces": {
				"north": {"uv": [3.5, 10.5, 4, 13], "texture": "#0"},
				"east": {"uv": [4, 10.5, 4.5, 13], "texture": "#0"},
				"south": {"uv": [4.5, 10.5, 5, 13], "texture": "#0"},
				"west": {"uv": [5, 10.5, 5.5, 13], "texture": "#0"},
				"up": {"uv": [13, 9, 12.5, 8.5], "texture": "#0"},
				"down": {"uv": [13, 12, 12.5, 12.5], "texture": "#0"}
			}
		},
		{
			"from": [11, 8, 9],
			"to": [12, 13, 10],
			"faces": {
				"north": {"uv": [5.5, 10.5, 6, 13], "texture": "#0"},
				"east": {"uv": [6, 10.5, 6.5, 13], "texture": "#0"},
				"south": {"uv": [6.5, 10.5, 7, 13], "texture": "#0"},
				"west": {"uv": [7, 10.5, 7.5, 13], "texture": "#0"},
				"up": {"uv": [13, 13, 12.5, 12.5], "texture": "#0"},
				"down": {"uv": [13.5, 0, 13, 0.5], "texture": "#0"}
			}
		},
		{
			"from": [11, 8, 4],
			"to": [12, 13, 5],
			"faces": {
				"north": {"uv": [7.5, 10.5, 8, 13], "texture": "#0"},
				"east": {"uv": [8, 10.5, 8.5, 13], "texture": "#0"},
				"south": {"uv": [8.5, 10.5, 9, 13], "texture": "#0"},
				"west": {"uv": [10.5, 8.5, 11, 11], "texture": "#0"},
				"up": {"uv": [1, 13.5, 0.5, 13], "texture": "#0"},
				"down": {"uv": [13.5, 0.5, 13, 1], "texture": "#0"}
			}
		},
		{
			"from": [7, 8, 4.9],
			"to": [11, 13, 5],
			"faces": {
				"north": {"uv": [2, 6, 4, 8.5], "texture": "#0"},
				"east": {"uv": [11, 2.5, 11.5, 5], "texture": "#0"},
				"south": {"uv": [6, 2.5, 8, 5], "texture": "#0"},
				"west": {"uv": [11, 5, 11.5, 7.5], "texture": "#0"},
				"up": {"uv": [13.5, 9.5, 11.5, 9], "texture": "#0"},
				"down": {"uv": [13.5, 9.5, 11.5, 10], "texture": "#0"}
			}
		},
		{
			"from": [7, 8, 9],
			"to": [11, 13, 9.1],
			"faces": {
				"north": {"uv": [4, 6, 6, 8.5], "texture": "#0"},
				"east": {"uv": [11, 7.5, 11.5, 10], "texture": "#0"},
				"south": {"uv": [6, 5, 8, 7.5], "texture": "#0"},
				"west": {"uv": [11, 10, 11.5, 12.5], "texture": "#0"},
				"up": {"uv": [13.5, 11.5, 11.5, 11], "texture": "#0"},
				"down": {"uv": [13.5, 11.5, 11.5, 12], "texture": "#0"}
			}
		},
		{
			"from": [6.1, 8, 5],
			"to": [7.1, 13, 9],
			"faces": {
				"north": {"uv": [11.5, 2.5, 12, 5], "texture": "#0"},
				"east": {"uv": [8, 0, 10, 2.5], "texture": "#0"},
				"south": {"uv": [10.5, 11, 11, 13.5], "texture": "#0"},
				"west": {"uv": [6, 7.5, 8, 10], "texture": "#0"},
				"up": {"uv": [10.5, 13.5, 10, 11.5], "rotation": 180, "texture": "#0"},
				"down": {"uv": [12.5, 3.5, 12, 5.5], "rotation": 180, "texture": "#0"}
			}
		},
		{
			"from": [6, 14, 4],
			"to": [7, 17, 10],
			"faces": {
				"north": {"uv": [11.5, 12, 12, 13.5], "texture": "#0"},
				"east": {"uv": [8, 5.5, 11, 7], "texture": "#0"},
				"south": {"uv": [12, 12, 12.5, 13.5], "texture": "#0"},
				"west": {"uv": [8, 7, 11, 8.5], "texture": "#0"},
				"up": {"uv": [10, 13, 9.5, 10], "texture": "#0"},
				"down": {"uv": [0.5, 10.5, 0, 13.5], "texture": "#0"}
			}
		},
		{
			"from": [11, 14, 4],
			"to": [12, 17, 10],
			"faces": {
				"north": {"uv": [12, 5.5, 12.5, 7], "texture": "#0"},
				"east": {"uv": [8, 2.5, 11, 4], "texture": "#0"},
				"south": {"uv": [12, 7, 12.5, 8.5], "texture": "#0"},
				"west": {"uv": [8, 4, 11, 5.5], "texture": "#0"},
				"up": {"uv": [10.5, 11.5, 10, 8.5], "texture": "#0"},
				"down": {"uv": [9.5, 10, 9, 13], "texture": "#0"}
			}
		},
		{
			"from": [7, 14, 4],
			"to": [11, 17, 5],
			"faces": {
				"north": {"uv": [0, 8.5, 2, 10], "texture": "#0"},
				"east": {"uv": [12.5, 3.5, 13, 5], "texture": "#0"},
				"south": {"uv": [2, 8.5, 4, 10], "texture": "#0"},
				"west": {"uv": [12.5, 5, 13, 6.5], "texture": "#0"},
				"up": {"uv": [13.5, 10.5, 11.5, 10], "texture": "#0"},
				"down": {"uv": [13.5, 10.5, 11.5, 11], "texture": "#0"}
			}
		},
		{
			"from": [7, 14, 9],
			"to": [11, 17, 10],
			"faces": {
				"north": {"uv": [4, 8.5, 6, 10], "texture": "#0"},
				"east": {"uv": [12.5, 6.5, 13, 8], "texture": "#0"},
				"south": {"uv": [8, 8.5, 10, 10], "texture": "#0"},
				"west": {"uv": [11, 12.5, 11.5, 14], "texture": "#0"},
				"up": {"uv": [14, 3, 12, 2.5], "texture": "#0"},
				"down": {"uv": [14, 3, 12, 3.5], "texture": "#0"}
			}
		},
		{
			"from": [11, 8, 5],
			"to": [11.1, 13, 9],
			"faces": {
				"north": {"uv": [0.5, 10.5, 1, 13], "texture": "#0"},
				"east": {"uv": [0, 6, 2, 8.5], "texture": "#0"},
				"south": {"uv": [1, 10.5, 1.5, 13], "texture": "#0"},
				"west": {"uv": [6, 0, 8, 2.5], "texture": "#0"},
				"up": {"uv": [12, 7, 11.5, 5], "texture": "#0"},
				"down": {"uv": [12, 7, 11.5, 9], "texture": "#0"}
			}
		}
	],
	"display": {
		"thirdperson_righthand": {
			"rotation": [-90.25, 0, 0],
			"translation": [-1, -1, 4.75]
		}
	}
}